"From.country","To.country","Average.Points"
"Albania","Armenia",3.33333333333333
"Albania","Australia",3
"Albania","Austria",5
"Albania","Azerbaijan",6.14285714285714
"Albania","Belarus",3
"Albania","Belgium",2
"Albania","Bosnia & Herzegovina",8.33333333333333
"Albania","Bulgaria",4.25
"Albania","Croatia",4.33333333333333
"Albania","Cyprus",5.5
"Albania","Denmark",3
"Albania","Estonia",2
"Albania","F.Y.R. Macedonia",8.58333333333333
"Albania","Finland",3
"Albania","France",2
"Albania","Germany",4.375
"Albania","Greece",10.0555555555556
"Albania","Hungary",6.85714285714286
"Albania","Iceland",6.33333333333333
"Albania","Ireland",4.33333333333333
"Albania","Israel",4.42857142857143
"Albania","Italy",10.6
"Albania","Malta",4.3
"Albania","Moldova",3.66666666666667
"Albania","Montenegro",7.5
"Albania","Norway",4.5
"Albania","Poland",6
"Albania","Russia",4.66666666666667
"Albania","San Marino",7.25
"Albania","Serbia",3.08333333333333
"Albania","Slovenia",5.66666666666667
"Albania","Spain",7
"Albania","Sweden",4.9
"Albania","Switzerland",5
"Albania","The Netherlands",4.5
"Albania","Ukraine",4.4
"Albania","United Kingdom",3.5
"Armenia","Albania",1
"Armenia","Australia",1
"Armenia","Austria",3
"Armenia","Azerbaijan",1.5
"Armenia","Belarus",7.8
"Armenia","Belgium",3.66666666666667
"Armenia","Bosnia & Herzegovina",4.25
"Armenia","Bulgaria",5
"Armenia","Croatia",4.5
"Armenia","Cyprus",5.66666666666667
"Armenia","Denmark",3.75
"Armenia","Estonia",5
"Armenia","F.Y.R. Macedonia",7.5
"Armenia","Finland",6
"Armenia","France",3.75
"Armenia","Georgia",9.7
"Armenia","Germany",6
"Armenia","Greece",7.66666666666667
"Armenia","Hungary",1
"Armenia","Iceland",5
"Armenia","Ireland",2
"Armenia","Israel",6.8
"Armenia","Italy",4.33333333333333
"Armenia","Latvia",2
"Armenia","Lithuania",3
"Armenia","Malta",5.75
"Armenia","Moldova",4.5
"Armenia","Montenegro",8.25
"Armenia","Norway",4.22222222222222
"Armenia","Poland",3
"Armenia","Russia",10.6153846153846
"Armenia","San Marino",3.5
"Armenia","Serbia",5.25
"Armenia","Slovenia",3
"Armenia","Spain",3.33333333333333
"Armenia","Sweden",5.42857142857143
"Armenia","Switzerland",3.33333333333333
"Armenia","The Netherlands",5.25
"Armenia","Ukraine",8.8
"Armenia","United Kingdom",4.5
"Australia","Belgium",6
"Australia","Estonia",3
"Australia","Georgia",1
"Australia","Israel",2
"Australia","Italy",8
"Australia","Latvia",7
"Australia","Norway",4
"Australia","Russia",10
"Australia","Serbia",5
"Australia","Sweden",12
"Austria","Albania",6.33333333333333
"Austria","Armenia",8.5
"Austria","Australia",12
"Austria","Azerbaijan",10
"Austria","Belarus",10
"Austria","Belgium",3.26666666666667
"Austria","Bosnia & Herzegovina",8.72727272727273
"Austria","Bulgaria",4.66666666666667
"Austria","Croatia",6.8
"Austria","Cyprus",3.66666666666667
"Austria","Denmark",6.3125
"Austria","Estonia",4.25
"Austria","F.Y.R. Macedonia",3
"Austria","Finland",5
"Austria","France",7.4
"Austria","Germany",5.55
"Austria","Greece",3.78571428571429
"Austria","Hungary",5.42857142857143
"Austria","Iceland",3.9
"Austria","Ireland",7.52380952380952
"Austria","Israel",4.76470588235294
"Austria","Italy",5.58333333333333
"Austria","Latvia",4.8
"Austria","Malta",4.55555555555556
"Austria","Moldova",4.42857142857143
"Austria","Montenegro",12
"Austria","Norway",4.25
"Austria","Poland",6.42857142857143
"Austria","Russia",7.375
"Austria","Serbia",9.55555555555556
"Austria","Slovenia",4
"Austria","Spain",5.66666666666667
"Austria","Sweden",7.42105263157895
"Austria","Switzerland",5.42105263157895
"Austria","The Netherlands",5.625
"Austria","Ukraine",3.33333333333333
"Austria","United Kingdom",7.26086956521739
"Azerbaijan","Albania",4.4
"Azerbaijan","Austria",1
"Azerbaijan","Belarus",7
"Azerbaijan","Belgium",4
"Azerbaijan","Bosnia & Herzegovina",3
"Azerbaijan","Bulgaria",4
"Azerbaijan","Croatia",3.33333333333333
"Azerbaijan","Cyprus",2
"Azerbaijan","Denmark",4.25
"Azerbaijan","Estonia",4
"Azerbaijan","Finland",3
"Azerbaijan","Georgia",8.75
"Azerbaijan","Germany",1
"Azerbaijan","Greece",7
"Azerbaijan","Hungary",5.6
"Azerbaijan","Ireland",3
"Azerbaijan","Israel",7
"Azerbaijan","Italy",4.5
"Azerbaijan","Latvia",5
"Azerbaijan","Lithuania",3.5
"Azerbaijan","Malta",8
"Azerbaijan","Moldova",5.57142857142857
"Azerbaijan","Montenegro",2
"Azerbaijan","Norway",5.71428571428571
"Azerbaijan","Poland",2
"Azerbaijan","Russia",7.81818181818182
"Azerbaijan","San Marino",4.2
"Azerbaijan","Serbia",2
"Azerbaijan","Slovenia",2
"Azerbaijan","Spain",1
"Azerbaijan","Sweden",4.5
"Azerbaijan","The Netherlands",2.5
"Azerbaijan","Ukraine",9.7
"Azerbaijan","United Kingdom",3.5
"Belarus","Albania",5
"Belarus","Armenia",5.9
"Belarus","Australia",6
"Belarus","Austria",7
"Belarus","Azerbaijan",7.14285714285714
"Belarus","Belgium",6.33333333333333
"Belarus","Bosnia & Herzegovina",4.2
"Belarus","Bulgaria",2
"Belarus","Croatia",4.2
"Belarus","Cyprus",5
"Belarus","Denmark",3.6
"Belarus","Estonia",3.71428571428571
"Belarus","F.Y.R. Macedonia",3
"Belarus","Finland",5.75
"Belarus","France",7
"Belarus","Georgia",7
"Belarus","Germany",8
"Belarus","Greece",5.5
"Belarus","Hungary",3
"Belarus","Iceland",4.33333333333333
"Belarus","Ireland",2.5
"Belarus","Israel",5.44444444444444
"Belarus","Italy",2
"Belarus","Latvia",4.57142857142857
"Belarus","Lithuania",5.77777777777778
"Belarus","Malta",4.375
"Belarus","Moldova",7.54545454545455
"Belarus","Montenegro",5
"Belarus","Norway",4.625
"Belarus","Poland",5.83333333333333
"Belarus","Russia",10.8666666666667
"Belarus","Serbia",5.875
"Belarus","Slovenia",3.5
"Belarus","Spain",2
"Belarus","Sweden",6.22222222222222
"Belarus","Switzerland",5.75
"Belarus","The Netherlands",3.5
"Belarus","Ukraine",10.375
"Belarus","United Kingdom",2
"Belgium","Albania",5.625
"Belgium","Armenia",8.8
"Belgium","Australia",4
"Belgium","Austria",4.88235294117647
"Belgium","Azerbaijan",4.66666666666667
"Belgium","Bosnia & Herzegovina",3.71428571428571
"Belgium","Bulgaria",2.33333333333333
"Belgium","Croatia",3.8
"Belgium","Cyprus",4.33333333333333
"Belgium","Denmark",6.4375
"Belgium","Estonia",3
"Belgium","Finland",4.55555555555556
"Belgium","France",6.29411764705882
"Belgium","Georgia",3
"Belgium","Germany",6.38095238095238
"Belgium","Greece",6.09090909090909
"Belgium","Hungary",6.42857142857143
"Belgium","Iceland",6.5
"Belgium","Ireland",5.88461538461539
"Belgium","Israel",5.31818181818182
"Belgium","Italy",5.77777777777778
"Belgium","Latvia",7.5
"Belgium","Lithuania",5.66666666666667
"Belgium","Malta",6.625
"Belgium","Moldova",2.85714285714286
"Belgium","Montenegro",5
"Belgium","Norway",5.22727272727273
"Belgium","Poland",4.25
"Belgium","Russia",5.53846153846154
"Belgium","Serbia",4.83333333333333
"Belgium","Slovenia",3.33333333333333
"Belgium","Spain",5.26086956521739
"Belgium","Sweden",6.07692307692308
"Belgium","Switzerland",6.53333333333333
"Belgium","The Netherlands",7.16
"Belgium","Ukraine",5.25
"Belgium","United Kingdom",7.35
"Bosnia & Herzegovina","Albania",4.77777777777778
"Bosnia & Herzegovina","Armenia",4.33333333333333
"Bosnia & Herzegovina","Austria",6.33333333333333
"Bosnia & Herzegovina","Azerbaijan",5.6
"Bosnia & Herzegovina","Belarus",2.66666666666667
"Bosnia & Herzegovina","Belgium",7.33333333333333
"Bosnia & Herzegovina","Bulgaria",3.25
"Bosnia & Herzegovina","Croatia",9.46153846153846
"Bosnia & Herzegovina","Denmark",2
"Bosnia & Herzegovina","Estonia",4.5
"Bosnia & Herzegovina","F.Y.R. Macedonia",8.76923076923077
"Bosnia & Herzegovina","Finland",4.75
"Bosnia & Herzegovina","France",6.14285714285714
"Bosnia & Herzegovina","Georgia",2.5
"Bosnia & Herzegovina","Germany",5.2
"Bosnia & Herzegovina","Greece",5.25
"Bosnia & Herzegovina","Hungary",1.66666666666667
"Bosnia & Herzegovina","Iceland",3
"Bosnia & Herzegovina","Ireland",2.75
"Bosnia & Herzegovina","Israel",4.5
"Bosnia & Herzegovina","Italy",6
"Bosnia & Herzegovina","Latvia",5
"Bosnia & Herzegovina","Lithuania",2
"Bosnia & Herzegovina","Malta",4
"Bosnia & Herzegovina","Moldova",5
"Bosnia & Herzegovina","Montenegro",10.1666666666667
"Bosnia & Herzegovina","Norway",4.5
"Bosnia & Herzegovina","Poland",6
"Bosnia & Herzegovina","Russia",3.875
"Bosnia & Herzegovina","Serbia",11.2727272727273
"Bosnia & Herzegovina","Slovenia",6.76923076923077
"Bosnia & Herzegovina","Spain",5.33333333333333
"Bosnia & Herzegovina","Sweden",5.66666666666667
"Bosnia & Herzegovina","Switzerland",2.66666666666667
"Bosnia & Herzegovina","The Netherlands",2.66666666666667
"Bosnia & Herzegovina","Ukraine",4.375
"Bosnia & Herzegovina","United Kingdom",4
"Bulgaria","Albania",3
"Bulgaria","Armenia",7.8
"Bulgaria","Austria",7.5
"Bulgaria","Azerbaijan",9.14285714285714
"Bulgaria","Belarus",4.2
"Bulgaria","Belgium",6
"Bulgaria","Bosnia & Herzegovina",5.16666666666667
"Bulgaria","Croatia",4.75
"Bulgaria","Cyprus",6
"Bulgaria","Denmark",5
"Bulgaria","Estonia",3.5
"Bulgaria","F.Y.R. Macedonia",7.63636363636364
"Bulgaria","Finland",5
"Bulgaria","Georgia",4.5
"Bulgaria","Germany",7.5
"Bulgaria","Greece",9.1
"Bulgaria","Hungary",5.6
"Bulgaria","Iceland",5.5
"Bulgaria","Ireland",3.66666666666667
"Bulgaria","Israel",3
"Bulgaria","Latvia",1
"Bulgaria","Lithuania",3.4
"Bulgaria","Malta",4
"Bulgaria","Moldova",3.66666666666667
"Bulgaria","Montenegro",4
"Bulgaria","Norway",2.28571428571429
"Bulgaria","Russia",6.85714285714286
"Bulgaria","Serbia",7.66666666666667
"Bulgaria","Slovenia",6.5
"Bulgaria","Spain",2.5
"Bulgaria","Sweden",6.5
"Bulgaria","Switzerland",2
"Bulgaria","The Netherlands",5
"Bulgaria","Ukraine",6.09090909090909
"Bulgaria","United Kingdom",9.5
"Croatia","Albania",6.25
"Croatia","Austria",3.5
"Croatia","Azerbaijan",8.83333333333333
"Croatia","Belarus",2
"Croatia","Belgium",3
"Croatia","Bosnia & Herzegovina",8.9
"Croatia","Bulgaria",4.33333333333333
"Croatia","Cyprus",5.2
"Croatia","Czech Republic",2
"Croatia","Denmark",6.375
"Croatia","Estonia",4.6
"Croatia","F.Y.R. Macedonia",7.78571428571429
"Croatia","Finland",7.66666666666667
"Croatia","France",5.2
"Croatia","Georgia",5.33333333333333
"Croatia","Germany",3.55555555555556
"Croatia","Greece",5.5
"Croatia","Hungary",5.25
"Croatia","Iceland",3.5
"Croatia","Ireland",4
"Croatia","Israel",4.66666666666667
"Croatia","Italy",6.66666666666667
"Croatia","Latvia",4.42857142857143
"Croatia","Lithuania",3.33333333333333
"Croatia","Malta",6.4
"Croatia","Moldova",2.5
"Croatia","Montenegro",9.4
"Croatia","Norway",5.875
"Croatia","Poland",5
"Croatia","Russia",6.25
"Croatia","San Marino",1
"Croatia","Serbia",10.9230769230769
"Croatia","Slovenia",6.55555555555556
"Croatia","Spain",5.14285714285714
"Croatia","Sweden",3.66666666666667
"Croatia","Switzerland",2.66666666666667
"Croatia","The Netherlands",4.2
"Croatia","Ukraine",6
"Croatia","United Kingdom",6.4
"Cyprus","Albania",5
"Cyprus","Armenia",8.57142857142857
"Cyprus","Australia",4
"Cyprus","Austria",4.7
"Cyprus","Azerbaijan",8.85714285714286
"Cyprus","Belarus",5.66666666666667
"Cyprus","Belgium",4.8
"Cyprus","Bosnia & Herzegovina",3.5
"Cyprus","Bulgaria",9
"Cyprus","Croatia",4.55555555555556
"Cyprus","Denmark",4.76470588235294
"Cyprus","Estonia",4
"Cyprus","F.Y.R. Macedonia",2.5
"Cyprus","Finland",4.5
"Cyprus","France",4.5625
"Cyprus","Georgia",6.5
"Cyprus","Germany",6.5
"Cyprus","Greece",11.2
"Cyprus","Hungary",5.5
"Cyprus","Iceland",4.75
"Cyprus","Ireland",6.66666666666667
"Cyprus","Israel",4.33333333333333
"Cyprus","Italy",6.09090909090909
"Cyprus","Latvia",2.66666666666667
"Cyprus","Lithuania",3.71428571428571
"Cyprus","Malta",4.54545454545455
"Cyprus","Moldova",4.71428571428571
"Cyprus","Montenegro",10
"Cyprus","Norway",5.71428571428571
"Cyprus","Poland",2.5
"Cyprus","Russia",6.17647058823529
"Cyprus","Serbia",6.2
"Cyprus","Slovenia",4.5
"Cyprus","Spain",6.58823529411765
"Cyprus","Sweden",5.94444444444444
"Cyprus","Switzerland",4.4
"Cyprus","The Netherlands",3.88888888888889
"Cyprus","Ukraine",7
"Cyprus","United Kingdom",3.80952380952381
"Czech Republic","Albania",1
"Czech Republic","Armenia",9.6
"Czech Republic","Azerbaijan",10.6666666666667
"Czech Republic","Belarus",2.66666666666667
"Czech Republic","Belgium",6
"Czech Republic","Bosnia & Herzegovina",4.33333333333333
"Czech Republic","Bulgaria",6.33333333333333
"Czech Republic","Croatia",3
"Czech Republic","Denmark",6
"Czech Republic","F.Y.R. Macedonia",4.5
"Czech Republic","Georgia",4.25
"Czech Republic","Greece",4
"Czech Republic","Hungary",4.5
"Czech Republic","Iceland",6
"Czech Republic","Israel",3.33333333333333
"Czech Republic","Italy",7
"Czech Republic","Latvia",4
"Czech Republic","Malta",6.5
"Czech Republic","Norway",3
"Czech Republic","Russia",7.25
"Czech Republic","Serbia",7.25
"Czech Republic","Slovenia",4
"Czech Republic","Sweden",8
"Czech Republic","Ukraine",9.25
"Czech Republic","United Kingdom",6
"Denmark","Albania",5.16666666666667
"Denmark","Armenia",3.5
"Denmark","Australia",8
"Denmark","Austria",4.86666666666667
"Denmark","Azerbaijan",5.75
"Denmark","Belarus",1
"Denmark","Belgium",6.4
"Denmark","Bosnia & Herzegovina",6.33333333333333
"Denmark","Bulgaria",4
"Denmark","Croatia",2.5
"Denmark","Cyprus",5.28571428571429
"Denmark","Estonia",4.46153846153846
"Denmark","F.Y.R. Macedonia",1.5
"Denmark","Finland",6.2
"Denmark","France",4.71428571428571
"Denmark","Germany",6.36
"Denmark","Greece",3.23076923076923
"Denmark","Hungary",5.14285714285714
"Denmark","Iceland",7.13636363636364
"Denmark","Ireland",6.72
"Denmark","Israel",4.14285714285714
"Denmark","Italy",3.66666666666667
"Denmark","Latvia",5
"Denmark","Lithuania",3
"Denmark","Malta",5.83333333333333
"Denmark","Moldova",6.33333333333333
"Denmark","Montenegro",7.33333333333333
"Denmark","Norway",6.73913043478261
"Denmark","Poland",2.75
"Denmark","Russia",6.4
"Denmark","Serbia",7.25
"Denmark","Slovenia",7.5
"Denmark","Spain",3.75
"Denmark","Sweden",9.47058823529412
"Denmark","Switzerland",5.17647058823529
"Denmark","The Netherlands",6.53333333333333
"Denmark","Ukraine",4.63636363636364
"Denmark","United Kingdom",5.8695652173913
"Estonia","Albania",1
"Estonia","Armenia",4
"Estonia","Australia",5
"Estonia","Austria",4.66666666666667
"Estonia","Azerbaijan",6.6
"Estonia","Belarus",4.8
"Estonia","Belgium",4.83333333333333
"Estonia","Bosnia & Herzegovina",1
"Estonia","Bulgaria",1
"Estonia","Croatia",3.4
"Estonia","Cyprus",4.33333333333333
"Estonia","Czech Republic",1
"Estonia","Denmark",6.66666666666667
"Estonia","Finland",8.28571428571429
"Estonia","France",5.375
"Estonia","Georgia",5.14285714285714
"Estonia","Germany",4.2
"Estonia","Greece",4
"Estonia","Hungary",5.5
"Estonia","Iceland",5.46153846153846
"Estonia","Ireland",5.46153846153846
"Estonia","Israel",4
"Estonia","Italy",5.33333333333333
"Estonia","Latvia",7.73333333333333
"Estonia","Lithuania",4.81818181818182
"Estonia","Malta",4.5
"Estonia","Moldova",4
"Estonia","Montenegro",1
"Estonia","Norway",6.64705882352941
"Estonia","Poland",6.33333333333333
"Estonia","Russia",8.43478260869565
"Estonia","San Marino",4.5
"Estonia","Serbia",1
"Estonia","Slovenia",4
"Estonia","Spain",3.25
"Estonia","Sweden",8.14285714285714
"Estonia","Switzerland",8.66666666666667
"Estonia","The Netherlands",7.5
"Estonia","Ukraine",6.53333333333333
"Estonia","United Kingdom",4.88888888888889
"F.Y.R. Macedonia","Albania",11.3076923076923
"F.Y.R. Macedonia","Armenia",3.16666666666667
"F.Y.R. Macedonia","Austria",3.66666666666667
"F.Y.R. Macedonia","Azerbaijan",4.8
"F.Y.R. Macedonia","Belarus",4.88888888888889
"F.Y.R. Macedonia","Belgium",3.25
"F.Y.R. Macedonia","Bosnia & Herzegovina",7.25
"F.Y.R. Macedonia","Bulgaria",5.66666666666667
"F.Y.R. Macedonia","Croatia",7.46153846153846
"F.Y.R. Macedonia","Cyprus",4
"F.Y.R. Macedonia","Czech Republic",5
"F.Y.R. Macedonia","Denmark",5.66666666666667
"F.Y.R. Macedonia","Estonia",4
"F.Y.R. Macedonia","Finland",4.5
"F.Y.R. Macedonia","France",1.33333333333333
"F.Y.R. Macedonia","Georgia",3.66666666666667
"F.Y.R. Macedonia","Germany",8
"F.Y.R. Macedonia","Greece",5
"F.Y.R. Macedonia","Hungary",5
"F.Y.R. Macedonia","Iceland",2.33333333333333
"F.Y.R. Macedonia","Ireland",7
"F.Y.R. Macedonia","Israel",3.83333333333333
"F.Y.R. Macedonia","Italy",5
"F.Y.R. Macedonia","Latvia",4
"F.Y.R. Macedonia","Lithuania",3.5
"F.Y.R. Macedonia","Malta",6.1
"F.Y.R. Macedonia","Moldova",5.83333333333333
"F.Y.R. Macedonia","Montenegro",8.14285714285714
"F.Y.R. Macedonia","Norway",5.8
"F.Y.R. Macedonia","Poland",3.33333333333333
"F.Y.R. Macedonia","Russia",5.88888888888889
"F.Y.R. Macedonia","San Marino",5
"F.Y.R. Macedonia","Serbia",10.0833333333333
"F.Y.R. Macedonia","Slovenia",5.18181818181818
"F.Y.R. Macedonia","Spain",2.5
"F.Y.R. Macedonia","Sweden",4.18181818181818
"F.Y.R. Macedonia","Switzerland",1.66666666666667
"F.Y.R. Macedonia","The Netherlands",3.75
"F.Y.R. Macedonia","Ukraine",4.90909090909091
"F.Y.R. Macedonia","United Kingdom",6.25
"Finland","Albania",4.8
"Finland","Armenia",2.5
"Finland","Australia",5
"Finland","Austria",4.8
"Finland","Azerbaijan",4
"Finland","Belarus",5.5
"Finland","Belgium",5.8
"Finland","Bosnia & Herzegovina",6.625
"Finland","Bulgaria",3.5
"Finland","Croatia",2.33333333333333
"Finland","Cyprus",6.3
"Finland","Denmark",6.06666666666667
"Finland","Estonia",9
"Finland","F.Y.R. Macedonia",1
"Finland","France",5.4
"Finland","Georgia",4
"Finland","Germany",5.33333333333333
"Finland","Greece",4.42105263157895
"Finland","Hungary",8.8
"Finland","Iceland",7.625
"Finland","Ireland",5.08695652173913
"Finland","Israel",6.2
"Finland","Italy",7.05882352941176
"Finland","Latvia",6
"Finland","Lithuania",6
"Finland","Malta",4.1
"Finland","Moldova",3.66666666666667
"Finland","Montenegro",10
"Finland","Norway",7.47619047619048
"Finland","Poland",8
"Finland","Russia",6.13333333333333
"Finland","San Marino",1
"Finland","Serbia",7.28571428571429
"Finland","Slovenia",3
"Finland","Spain",5.71428571428571
"Finland","Sweden",7.44444444444444
"Finland","Switzerland",6.33333333333333
"Finland","The Netherlands",5.72727272727273
"Finland","Ukraine",4.42857142857143
"Finland","United Kingdom",6.11764705882353
"France","Albania",2.8
"France","Armenia",9.27272727272727
"France","Australia",2
"France","Austria",5.1
"France","Azerbaijan",5.83333333333333
"France","Belarus",1
"France","Belgium",6.8
"France","Bosnia & Herzegovina",5.41666666666667
"France","Bulgaria",4.28571428571429
"France","Croatia",6.25
"France","Cyprus",4.33333333333333
"France","Denmark",6.11111111111111
"France","Estonia",6.33333333333333
"France","Finland",4.54545454545455
"France","Georgia",4
"France","Germany",6.35294117647059
"France","Greece",5.2
"France","Hungary",3.1
"France","Iceland",4
"France","Ireland",5
"France","Israel",6.55555555555556
"France","Italy",6
"France","Latvia",6
"France","Lithuania",3.33333333333333
"France","Malta",4.2
"France","Moldova",4.16666666666667
"France","Montenegro",7.66666666666667
"France","Norway",4.54545454545455
"France","Poland",4.54545454545455
"France","Russia",4.22222222222222
"France","San Marino",5
"France","Serbia",9.2
"France","Slovenia",3.33333333333333
"France","Spain",6.09090909090909
"France","Sweden",4.81481481481481
"France","Switzerland",6.42857142857143
"France","The Netherlands",6.66666666666667
"France","Ukraine",2.6
"France","United Kingdom",6.95238095238095
"Georgia","Albania",3
"Georgia","Armenia",10.6666666666667
"Georgia","Austria",7.66666666666667
"Georgia","Azerbaijan",9.8
"Georgia","Belarus",7.57142857142857
"Georgia","Belgium",9
"Georgia","Bosnia & Herzegovina",2
"Georgia","Bulgaria",3.5
"Georgia","Croatia",4.5
"Georgia","Cyprus",2
"Georgia","Denmark",4.33333333333333
"Georgia","Estonia",3.66666666666667
"Georgia","F.Y.R. Macedonia",1.33333333333333
"Georgia","Finland",1
"Georgia","France",2
"Georgia","Germany",3.5
"Georgia","Greece",3.875
"Georgia","Hungary",4.75
"Georgia","Iceland",1
"Georgia","Israel",3.6
"Georgia","Italy",5.25
"Georgia","Latvia",4.8
"Georgia","Lithuania",7.55555555555556
"Georgia","Malta",5.4
"Georgia","Moldova",4
"Georgia","Norway",5.6
"Georgia","Poland",5
"Georgia","Russia",6
"Georgia","San Marino",1
"Georgia","Serbia",8
"Georgia","Slovenia",4
"Georgia","Spain",2
"Georgia","Sweden",6
"Georgia","Switzerland",1.5
"Georgia","The Netherlands",1
"Georgia","Ukraine",8.2
"Georgia","United Kingdom",3
"Germany","Albania",4.14285714285714
"Germany","Armenia",6.33333333333333
"Germany","Australia",7
"Germany","Austria",5.5
"Germany","Azerbaijan",4.33333333333333
"Germany","Belgium",5.66666666666667
"Germany","Bosnia & Herzegovina",6.07692307692308
"Germany","Bulgaria",3.5
"Germany","Croatia",4.14285714285714
"Germany","Cyprus",3.81818181818182
"Germany","Denmark",6.88888888888889
"Germany","Estonia",5.11111111111111
"Germany","F.Y.R. Macedonia",2.5
"Germany","Finland",4.55555555555556
"Germany","France",6.76470588235294
"Germany","Georgia",1
"Germany","Greece",6.72727272727273
"Germany","Hungary",7.16666666666667
"Germany","Iceland",5.61538461538461
"Germany","Ireland",5.75
"Germany","Israel",5.41666666666667
"Germany","Italy",4.42857142857143
"Germany","Latvia",8
"Germany","Lithuania",1
"Germany","Malta",4.5
"Germany","Moldova",3.33333333333333
"Germany","Montenegro",6.75
"Germany","Norway",5.38095238095238
"Germany","Poland",7.07142857142857
"Germany","Russia",5.71428571428571
"Germany","Serbia",8
"Germany","Slovenia",3.4
"Germany","Spain",6.5
"Germany","Sweden",6.44
"Germany","Switzerland",6.23529411764706
"Germany","The Netherlands",5.66666666666667
"Germany","Ukraine",5.66666666666667
"Germany","United Kingdom",6.34782608695652
"Greece","Albania",9.2
"Greece","Armenia",8
"Greece","Australia",5
"Greece","Austria",5.5
"Greece","Azerbaijan",6.7
"Greece","Belarus",5.83333333333333
"Greece","Belgium",6.6
"Greece","Bosnia & Herzegovina",5
"Greece","Bulgaria",6.8
"Greece","Croatia",3.875
"Greece","Cyprus",11
"Greece","Denmark",4.88888888888889
"Greece","Estonia",4.8
"Greece","F.Y.R. Macedonia",4
"Greece","Finland",6.30769230769231
"Greece","France",6.3
"Greece","Georgia",5
"Greece","Germany",3.77777777777778
"Greece","Hungary",4
"Greece","Iceland",4.8
"Greece","Ireland",8
"Greece","Israel",4
"Greece","Italy",5.76923076923077
"Greece","Latvia",3.75
"Greece","Lithuania",2.75
"Greece","Malta",4.8
"Greece","Moldova",4.9
"Greece","Montenegro",8
"Greece","Norway",5.4
"Greece","Poland",3.54545454545455
"Greece","Russia",5.70588235294118
"Greece","San Marino",2
"Greece","Serbia",6.44444444444444
"Greece","Slovenia",4.25
"Greece","Spain",5.95652173913043
"Greece","Sweden",5
"Greece","Switzerland",4.86666666666667
"Greece","The Netherlands",4.92307692307692
"Greece","Ukraine",5.45454545454545
"Greece","United Kingdom",6
"Hungary","Albania",6
"Hungary","Armenia",6
"Hungary","Australia",8
"Hungary","Austria",5.25
"Hungary","Azerbaijan",9.125
"Hungary","Belarus",3
"Hungary","Belgium",6.33333333333333
"Hungary","Bosnia & Herzegovina",1
"Hungary","Bulgaria",5.5
"Hungary","Croatia",6.5
"Hungary","Cyprus",6
"Hungary","Denmark",5.22222222222222
"Hungary","Estonia",4.83333333333333
"Hungary","Finland",7.25
"Hungary","France",6
"Hungary","Georgia",2.83333333333333
"Hungary","Germany",7.66666666666667
"Hungary","Greece",6.3
"Hungary","Iceland",7.72727272727273
"Hungary","Ireland",8
"Hungary","Israel",5.2
"Hungary","Italy",3.5
"Hungary","Latvia",3
"Hungary","Lithuania",5
"Hungary","Malta",6
"Hungary","Moldova",4
"Hungary","Montenegro",3
"Hungary","Norway",5.6
"Hungary","Poland",4
"Hungary","Russia",5.88888888888889
"Hungary","San Marino",4.33333333333333
"Hungary","Serbia",6.5
"Hungary","Slovenia",5.75
"Hungary","Spain",4.33333333333333
"Hungary","Sweden",6.88888888888889
"Hungary","Switzerland",4.83333333333333
"Hungary","The Netherlands",9.2
"Hungary","Ukraine",5.625
"Hungary","United Kingdom",6.6
"Iceland","Albania",4.83333333333333
"Iceland","Armenia",2.83333333333333
"Iceland","Australia",8
"Iceland","Austria",6.57142857142857
"Iceland","Azerbaijan",6
"Iceland","Belarus",2.5
"Iceland","Belgium",6.85714285714286
"Iceland","Bosnia & Herzegovina",3.6
"Iceland","Bulgaria",5
"Iceland","Croatia",3.75
"Iceland","Cyprus",7.6
"Iceland","Denmark",9.16
"Iceland","Estonia",5.58333333333333
"Iceland","F.Y.R. Macedonia",1
"Iceland","Finland",7.61111111111111
"Iceland","France",6.61538461538461
"Iceland","Georgia",2.66666666666667
"Iceland","Germany",5.54545454545455
"Iceland","Greece",4.75
"Iceland","Hungary",7.4
"Iceland","Ireland",5.07692307692308
"Iceland","Israel",4.44444444444444
"Iceland","Italy",4.33333333333333
"Iceland","Latvia",5.22222222222222
"Iceland","Lithuania",5.25
"Iceland","Malta",4.44444444444444
"Iceland","Moldova",8
"Iceland","Montenegro",7
"Iceland","Norway",7.56521739130435
"Iceland","Poland",3.71428571428571
"Iceland","Russia",4
"Iceland","San Marino",4
"Iceland","Serbia",5.28571428571429
"Iceland","Slovenia",2.33333333333333
"Iceland","Spain",2.88888888888889
"Iceland","Sweden",7.03571428571429
"Iceland","Switzerland",5.30769230769231
"Iceland","The Netherlands",5.6
"Iceland","Ukraine",6.66666666666667
"Iceland","United Kingdom",4.625
"Ireland","Albania",2.66666666666667
"Ireland","Armenia",2
"Ireland","Australia",5
"Ireland","Austria",6.06666666666667
"Ireland","Azerbaijan",4.5
"Ireland","Belarus",3.33333333333333
"Ireland","Belgium",6.6
"Ireland","Bosnia & Herzegovina",3.42857142857143
"Ireland","Bulgaria",1
"Ireland","Croatia",3.71428571428571
"Ireland","Cyprus",4.5
"Ireland","Denmark",7.36
"Ireland","Estonia",5.75
"Ireland","Finland",6.69230769230769
"Ireland","France",6.47368421052632
"Ireland","Georgia",4.33333333333333
"Ireland","Germany",5.29166666666667
"Ireland","Greece",4.28571428571429
"Ireland","Hungary",5.8
"Ireland","Iceland",6.11111111111111
"Ireland","Israel",6.21428571428571
"Ireland","Italy",7.16666666666667
"Ireland","Latvia",8.27272727272727
"Ireland","Lithuania",7.46666666666667
"Ireland","Malta",6.06666666666667
"Ireland","Moldova",3.625
"Ireland","Montenegro",4.5
"Ireland","Norway",6.23076923076923
"Ireland","Poland",7.625
"Ireland","Russia",6.66666666666667
"Ireland","Serbia",5.25
"Ireland","Slovenia",5.16666666666667
"Ireland","Spain",4.7
"Ireland","Sweden",7.04166666666667
"Ireland","Switzerland",5.41176470588235
"Ireland","The Netherlands",5.59090909090909
"Ireland","Ukraine",4.81818181818182
"Ireland","United Kingdom",5.81818181818182
"Israel","Albania",4.5
"Israel","Armenia",8.81818181818182
"Israel","Australia",7
"Israel","Austria",6.55555555555556
"Israel","Azerbaijan",6.88888888888889
"Israel","Belarus",5.85714285714286
"Israel","Belgium",4.33333333333333
"Israel","Bosnia & Herzegovina",2
"Israel","Bulgaria",6
"Israel","Croatia",6.75
"Israel","Cyprus",4.6875
"Israel","Denmark",6.45
"Israel","Estonia",4
"Israel","F.Y.R. Macedonia",2.5
"Israel","Finland",4.5
"Israel","France",6.05263157894737
"Israel","Georgia",5.14285714285714
"Israel","Germany",7.1
"Israel","Greece",6.1
"Israel","Hungary",6.5
"Israel","Iceland",6.3
"Israel","Ireland",4.82352941176471
"Israel","Italy",4.44444444444444
"Israel","Latvia",6.66666666666667
"Israel","Lithuania",2.75
"Israel","Malta",5.1
"Israel","Moldova",4.22222222222222
"Israel","Montenegro",5.33333333333333
"Israel","Norway",5.47058823529412
"Israel","Poland",3
"Israel","Russia",8.22222222222222
"Israel","San Marino",4
"Israel","Serbia",5.4
"Israel","Slovenia",3.5
"Israel","Spain",5.68421052631579
"Israel","Sweden",7.27272727272727
"Israel","Switzerland",4.4375
"Israel","The Netherlands",5.5
"Israel","Ukraine",6.85714285714286
"Israel","United Kingdom",6.27272727272727
"Italy","Albania",12
"Italy","Australia",6
"Italy","Austria",6.9
"Italy","Belarus",7
"Italy","Belgium",5
"Italy","Bosnia & Herzegovina",3.66666666666667
"Italy","Bulgaria",10
"Italy","Cyprus",4.625
"Italy","Denmark",5.22222222222222
"Italy","Estonia",6.33333333333333
"Italy","F.Y.R. Macedonia",1.5
"Italy","Finland",7
"Italy","France",7.53846153846154
"Italy","Germany",5.61538461538461
"Italy","Greece",4.38461538461539
"Italy","Hungary",3
"Italy","Iceland",4.14285714285714
"Italy","Ireland",7.75
"Italy","Israel",4.55555555555556
"Italy","Latvia",4
"Italy","Lithuania",5.66666666666667
"Italy","Malta",6
"Italy","Moldova",5.83333333333333
"Italy","Norway",5.625
"Italy","Poland",5
"Italy","Russia",6.5
"Italy","San Marino",3
"Italy","Serbia",3.75
"Italy","Slovenia",5.5
"Italy","Spain",6.38461538461539
"Italy","Sweden",6.375
"Italy","Switzerland",5.4
"Italy","The Netherlands",4.54545454545455
"Italy","Ukraine",7.16666666666667
"Italy","United Kingdom",6.26666666666667
"Latvia","Albania",2.75
"Latvia","Armenia",4.5
"Latvia","Australia",5
"Latvia","Austria",5
"Latvia","Azerbaijan",4
"Latvia","Belarus",6.16666666666667
"Latvia","Belgium",5.16666666666667
"Latvia","Bosnia & Herzegovina",2
"Latvia","Bulgaria",1.5
"Latvia","Croatia",4.8
"Latvia","Cyprus",3.8
"Latvia","Denmark",7
"Latvia","Estonia",9.8125
"Latvia","Finland",5.71428571428571
"Latvia","France",3.5
"Latvia","Georgia",7
"Latvia","Germany",5.85714285714286
"Latvia","Greece",4.16666666666667
"Latvia","Hungary",3.85714285714286
"Latvia","Iceland",4.63636363636364
"Latvia","Ireland",5.55555555555556
"Latvia","Israel",1.75
"Latvia","Italy",10
"Latvia","Lithuania",7.76923076923077
"Latvia","Malta",4.6
"Latvia","Moldova",4.6
"Latvia","Montenegro",3.33333333333333
"Latvia","Norway",7.16666666666667
"Latvia","Poland",3.4
"Latvia","Russia",9.27777777777778
"Latvia","San Marino",2
"Latvia","Serbia",3
"Latvia","Slovenia",3.8
"Latvia","Spain",4.33333333333333
"Latvia","Sweden",7.25
"Latvia","Switzerland",5.5
"Latvia","The Netherlands",8.66666666666667
"Latvia","Ukraine",7.57142857142857
"Latvia","United Kingdom",3
"Lithuania","Armenia",1.5
"Lithuania","Australia",3
"Lithuania","Austria",10
"Lithuania","Azerbaijan",7.55555555555556
"Lithuania","Belarus",5.9
"Lithuania","Belgium",4
"Lithuania","Bosnia & Herzegovina",3.5
"Lithuania","Bulgaria",1
"Lithuania","Croatia",4.16666666666667
"Lithuania","Cyprus",3.16666666666667
"Lithuania","Denmark",4
"Lithuania","Estonia",6.92857142857143
"Lithuania","Finland",6.33333333333333
"Lithuania","France",5.57142857142857
"Lithuania","Georgia",9.58333333333333
"Lithuania","Germany",4
"Lithuania","Greece",5
"Lithuania","Hungary",5.33333333333333
"Lithuania","Iceland",5.85714285714286
"Lithuania","Ireland",7.28571428571429
"Lithuania","Israel",3
"Lithuania","Italy",5
"Lithuania","Latvia",10
"Lithuania","Malta",3.63636363636364
"Lithuania","Moldova",5.8
"Lithuania","Montenegro",1.5
"Lithuania","Norway",6.45454545454545
"Lithuania","Poland",5.22222222222222
"Lithuania","Russia",7.70588235294118
"Lithuania","Serbia",2.71428571428571
"Lithuania","Slovenia",4.4
"Lithuania","Spain",6
"Lithuania","Sweden",5.71428571428571
"Lithuania","Switzerland",6.2
"Lithuania","The Netherlands",5.14285714285714
"Lithuania","Ukraine",7.125
"Lithuania","United Kingdom",4.4
"Malta","Albania",6.25
"Malta","Armenia",5.5
"Malta","Australia",6
"Malta","Austria",6.66666666666667
"Malta","Azerbaijan",9.875
"Malta","Belarus",5.25
"Malta","Belgium",8
"Malta","Bosnia & Herzegovina",3.75
"Malta","Bulgaria",3.5
"Malta","Croatia",9.25
"Malta","Cyprus",5.38461538461539
"Malta","Czech Republic",1
"Malta","Denmark",4.78571428571429
"Malta","Estonia",6.2
"Malta","F.Y.R. Macedonia",2.66666666666667
"Malta","Finland",4.28571428571429
"Malta","France",3.25
"Malta","Georgia",5.8
"Malta","Germany",3.11111111111111
"Malta","Greece",6.3
"Malta","Hungary",2
"Malta","Iceland",9.125
"Malta","Ireland",6.35714285714286
"Malta","Israel",6.7
"Malta","Italy",8.44444444444444
"Malta","Latvia",7.75
"Malta","Lithuania",3.8
"Malta","Moldova",4.5
"Malta","Montenegro",5.33333333333333
"Malta","Norway",4
"Malta","Poland",3.5
"Malta","Russia",5.5
"Malta","San Marino",6
"Malta","Serbia",4.125
"Malta","Slovenia",3.71428571428571
"Malta","Spain",5.75
"Malta","Sweden",6.75
"Malta","Switzerland",5.90909090909091
"Malta","The Netherlands",5.90909090909091
"Malta","Ukraine",6.08333333333333
"Malta","United Kingdom",6.10526315789474
"Moldova","Albania",3
"Moldova","Armenia",3.5
"Moldova","Australia",4
"Moldova","Austria",5
"Moldova","Azerbaijan",8.4
"Moldova","Belarus",7.22222222222222
"Moldova","Belgium",5.33333333333333
"Moldova","Bosnia & Herzegovina",5
"Moldova","Bulgaria",5
"Moldova","Croatia",3.66666666666667
"Moldova","Cyprus",3
"Moldova","Denmark",5
"Moldova","Estonia",4.125
"Moldova","F.Y.R. Macedonia",2.5
"Moldova","Finland",6.33333333333333
"Moldova","France",2
"Moldova","Georgia",5
"Moldova","Germany",2
"Moldova","Greece",4.45454545454545
"Moldova","Hungary",3.5
"Moldova","Iceland",6.25
"Moldova","Ireland",1.33333333333333
"Moldova","Israel",4.5
"Moldova","Italy",6
"Moldova","Latvia",5
"Moldova","Lithuania",4
"Moldova","Montenegro",4
"Moldova","Norway",4.77777777777778
"Moldova","Poland",2.25
"Moldova","Russia",8.64705882352941
"Moldova","San Marino",3
"Moldova","Serbia",3.16666666666667
"Moldova","Slovenia",3
"Moldova","Spain",2.5
"Moldova","Sweden",5.6
"Moldova","Switzerland",8
"Moldova","The Netherlands",2
"Moldova","Ukraine",8.4
"Moldova","United Kingdom",2.5
"Montenegro","Albania",8.6
"Montenegro","Armenia",6.2
"Montenegro","Austria",2
"Montenegro","Azerbaijan",6.83333333333333
"Montenegro","Belarus",3.16666666666667
"Montenegro","Belgium",1.5
"Montenegro","Bosnia & Herzegovina",9.09090909090909
"Montenegro","Bulgaria",3.66666666666667
"Montenegro","Croatia",7.11111111111111
"Montenegro","Cyprus",3
"Montenegro","Denmark",9
"Montenegro","Estonia",2.5
"Montenegro","F.Y.R. Macedonia",9.7
"Montenegro","Finland",5
"Montenegro","France",1
"Montenegro","Georgia",2
"Montenegro","Greece",7.55555555555556
"Montenegro","Hungary",8.66666666666667
"Montenegro","Iceland",4.75
"Montenegro","Ireland",1
"Montenegro","Israel",4
"Montenegro","Italy",5
"Montenegro","Latvia",2.5
"Montenegro","Lithuania",2.33333333333333
"Montenegro","Malta",1
"Montenegro","Moldova",4.57142857142857
"Montenegro","Norway",4.33333333333333
"Montenegro","Poland",2.5
"Montenegro","Russia",5.91666666666667
"Montenegro","San Marino",4
"Montenegro","Serbia",11.6666666666667
"Montenegro","Slovenia",6.875
"Montenegro","Spain",3
"Montenegro","Sweden",4.14285714285714
"Montenegro","Switzerland",3.5
"Montenegro","The Netherlands",1.33333333333333
"Montenegro","Ukraine",6.44444444444444
"Norway","Albania",4.75
"Norway","Armenia",3.5
"Norway","Australia",10
"Norway","Austria",5.22222222222222
"Norway","Azerbaijan",6
"Norway","Belarus",2
"Norway","Belgium",4.71428571428571
"Norway","Bosnia & Herzegovina",8.36363636363636
"Norway","Bulgaria",3.5
"Norway","Croatia",5
"Norway","Cyprus",4.90909090909091
"Norway","Denmark",7.85714285714286
"Norway","Estonia",5.6
"Norway","Finland",6.68181818181818
"Norway","France",5.36
"Norway","Georgia",1
"Norway","Germany",4.94117647058824
"Norway","Greece",4.35
"Norway","Hungary",5.375
"Norway","Iceland",6.73913043478261
"Norway","Ireland",5.89655172413793
"Norway","Israel",5.38095238095238
"Norway","Italy",5
"Norway","Latvia",6.83333333333333
"Norway","Lithuania",5.7
"Norway","Malta",6.16666666666667
"Norway","Moldova",3.75
"Norway","Montenegro",8
"Norway","Poland",3.81818181818182
"Norway","Russia",4.84615384615385
"Norway","Serbia",7.5
"Norway","Slovenia",4
"Norway","Spain",4.16666666666667
"Norway","Sweden",8.82857142857143
"Norway","Switzerland",5.5
"Norway","The Netherlands",5.8
"Norway","Ukraine",3.625
"Norway","United Kingdom",5.85
"Poland","Albania",4
"Poland","Armenia",5.77777777777778
"Poland","Australia",8
"Poland","Austria",4.8
"Poland","Azerbaijan",8.42857142857143
"Poland","Belarus",4.4
"Poland","Belgium",8.14285714285714
"Poland","Bosnia & Herzegovina",5
"Poland","Croatia",3.83333333333333
"Poland","Cyprus",3.33333333333333
"Poland","Denmark",5.5
"Poland","Estonia",6.66666666666667
"Poland","Finland",6.44444444444444
"Poland","France",6.5
"Poland","Georgia",4.8
"Poland","Germany",6.625
"Poland","Greece",4
"Poland","Hungary",8.16666666666667
"Poland","Iceland",3.85714285714286
"Poland","Ireland",4.4
"Poland","Israel",6.16666666666667
"Poland","Italy",8.33333333333333
"Poland","Latvia",6.75
"Poland","Lithuania",8
"Poland","Malta",4.8
"Poland","Moldova",5
"Poland","Montenegro",5
"Poland","Norway",6.46666666666667
"Poland","Russia",6.6
"Poland","Serbia",5.66666666666667
"Poland","Slovenia",3.625
"Poland","Spain",3.2
"Poland","Sweden",7.1
"Poland","Switzerland",7.2
"Poland","The Netherlands",8
"Poland","Ukraine",7.91666666666667
"Poland","United Kingdom",4.25
"Russia","Albania",2
"Russia","Armenia",9.25
"Russia","Australia",4
"Russia","Austria",3
"Russia","Azerbaijan",9.5
"Russia","Belarus",8.5
"Russia","Belgium",6.875
"Russia","Bosnia & Herzegovina",5
"Russia","Bulgaria",4
"Russia","Croatia",3.57142857142857
"Russia","Cyprus",4
"Russia","Denmark",6.28571428571429
"Russia","Estonia",5.375
"Russia","F.Y.R. Macedonia",4
"Russia","Finland",7
"Russia","France",6.85714285714286
"Russia","Georgia",6.875
"Russia","Germany",5.66666666666667
"Russia","Greece",5.11764705882353
"Russia","Hungary",4.57142857142857
"Russia","Iceland",2.75
"Russia","Ireland",6.5
"Russia","Israel",6.25
"Russia","Italy",9.5
"Russia","Latvia",3.25
"Russia","Lithuania",4.77777777777778
"Russia","Malta",8
"Russia","Moldova",6.73333333333333
"Russia","Montenegro",7
"Russia","Norway",8
"Russia","Poland",5
"Russia","San Marino",3
"Russia","Serbia",5.625
"Russia","Slovenia",5.25
"Russia","Spain",4.2
"Russia","Sweden",4.5
"Russia","Switzerland",4.66666666666667
"Russia","The Netherlands",3.66666666666667
"Russia","Ukraine",7.125
"Russia","United Kingdom",4.57142857142857
"San Marino","Albania",7.33333333333333
"San Marino","Armenia",6.66666666666667
"San Marino","Australia",8
"San Marino","Azerbaijan",6
"San Marino","Belgium",3.66666666666667
"San Marino","Bulgaria",8
"San Marino","Croatia",4
"San Marino","Denmark",2.75
"San Marino","F.Y.R. Macedonia",2
"San Marino","Finland",4.25
"San Marino","France",4
"San Marino","Georgia",3.33333333333333
"San Marino","Greece",9.85714285714286
"San Marino","Hungary",5.8
"San Marino","Iceland",6
"San Marino","Ireland",12
"San Marino","Israel",4.66666666666667
"San Marino","Italy",8.25
"San Marino","Latvia",7
"San Marino","Malta",7.6
"San Marino","Moldova",6
"San Marino","Montenegro",4.5
"San Marino","Norway",6.4
"San Marino","Poland",10
"San Marino","Russia",4.33333333333333
"San Marino","Serbia",4.66666666666667
"San Marino","Slovenia",1
"San Marino","Spain",1
"San Marino","Sweden",5.8
"San Marino","Switzerland",1
"San Marino","The Netherlands",5.66666666666667
"San Marino","Ukraine",4
"San Marino","United Kingdom",4
"Serbia","Albania",5
"Serbia","Armenia",3
"Serbia","Australia",3
"Serbia","Austria",2
"Serbia","Azerbaijan",4.5
"Serbia","Belarus",3.33333333333333
"Serbia","Belgium",4.75
"Serbia","Bosnia & Herzegovina",9.15384615384615
"Serbia","Bulgaria",3.8
"Serbia","Croatia",8.61538461538461
"Serbia","Cyprus",2.85714285714286
"Serbia","Denmark",6
"Serbia","Estonia",3.33333333333333
"Serbia","F.Y.R. Macedonia",9.91666666666667
"Serbia","Finland",6
"Serbia","France",3.5
"Serbia","Georgia",5.5
"Serbia","Germany",8
"Serbia","Greece",7.46153846153846
"Serbia","Hungary",7.11111111111111
"Serbia","Iceland",4.33333333333333
"Serbia","Ireland",2
"Serbia","Israel",4.75
"Serbia","Italy",4.33333333333333
"Serbia","Latvia",1.5
"Serbia","Lithuania",4
"Serbia","Malta",5.25
"Serbia","Moldova",4.71428571428571
"Serbia","Montenegro",10.6666666666667
"Serbia","Norway",5.83333333333333
"Serbia","Poland",2
"Serbia","Russia",6.16666666666667
"Serbia","Slovenia",7
"Serbia","Sweden",4.1
"Serbia","Switzerland",3
"Serbia","The Netherlands",1
"Serbia","Ukraine",5.76923076923077
"Serbia","United Kingdom",8
"Slovenia","Albania",3.71428571428571
"Slovenia","Armenia",5
"Slovenia","Australia",2
"Slovenia","Austria",6.33333333333333
"Slovenia","Azerbaijan",3.8
"Slovenia","Belarus",5
"Slovenia","Belgium",3.85714285714286
"Slovenia","Bosnia & Herzegovina",8.88235294117647
"Slovenia","Bulgaria",4.66666666666667
"Slovenia","Croatia",8.63157894736842
"Slovenia","Cyprus",2.83333333333333
"Slovenia","Denmark",8.33333333333333
"Slovenia","Estonia",4.77777777777778
"Slovenia","F.Y.R. Macedonia",7.38461538461539
"Slovenia","Finland",5.75
"Slovenia","France",4.71428571428571
"Slovenia","Georgia",3.33333333333333
"Slovenia","Germany",5.42857142857143
"Slovenia","Greece",4.7
"Slovenia","Hungary",5
"Slovenia","Iceland",4.66666666666667
"Slovenia","Ireland",3.58333333333333
"Slovenia","Israel",5.14285714285714
"Slovenia","Italy",6.8
"Slovenia","Latvia",6.33333333333333
"Slovenia","Lithuania",4.5
"Slovenia","Malta",3.83333333333333
"Slovenia","Moldova",3.66666666666667
"Slovenia","Montenegro",9.42857142857143
"Slovenia","Norway",5.85714285714286
"Slovenia","Poland",4
"Slovenia","Russia",7.45454545454545
"Slovenia","Serbia",10.3846153846154
"Slovenia","Spain",2.85714285714286
"Slovenia","Sweden",6.52941176470588
"Slovenia","Switzerland",4.375
"Slovenia","The Netherlands",4.9
"Slovenia","Ukraine",5.1
"Slovenia","United Kingdom",4.75
"Spain","Albania",3.33333333333333
"Spain","Armenia",7.3
"Spain","Australia",7
"Spain","Austria",6.4
"Spain","Azerbaijan",4.8
"Spain","Belgium",5.94117647058824
"Spain","Bosnia & Herzegovina",3
"Spain","Bulgaria",7.4
"Spain","Croatia",5.5
"Spain","Cyprus",5.6
"Spain","Denmark",5.41176470588235
"Spain","Estonia",3.55555555555556
"Spain","Finland",4.85714285714286
"Spain","France",5.8125
"Spain","Georgia",2.66666666666667
"Spain","Germany",7.03703703703704
"Spain","Greece",6.8
"Spain","Hungary",4.55555555555556
"Spain","Iceland",5.27777777777778
"Spain","Ireland",6.23809523809524
"Spain","Israel",5.7
"Spain","Italy",8.36842105263158
"Spain","Latvia",6.25
"Spain","Lithuania",2.75
"Spain","Malta",5.53846153846154
"Spain","Moldova",5.09090909090909
"Spain","Montenegro",6
"Spain","Norway",5.125
"Spain","Poland",3.57142857142857
"Spain","Russia",6.3
"Spain","San Marino",5.5
"Spain","Serbia",4.625
"Spain","Slovenia",3.66666666666667
"Spain","Sweden",5.16
"Spain","Switzerland",3.5
"Spain","The Netherlands",5.44444444444444
"Spain","Ukraine",6
"Spain","United Kingdom",5.5
"Sweden","Albania",4.16666666666667
"Sweden","Armenia",4
"Sweden","Australia",12
"Sweden","Austria",4.2
"Sweden","Azerbaijan",4.66666666666667
"Sweden","Belarus",2
"Sweden","Belgium",4.85714285714286
"Sweden","Bosnia & Herzegovina",7.1875
"Sweden","Bulgaria",1
"Sweden","Croatia",3.33333333333333
"Sweden","Cyprus",4.81818181818182
"Sweden","Denmark",7.3030303030303
"Sweden","Estonia",6.8125
"Sweden","F.Y.R. Macedonia",2.5
"Sweden","Finland",7.25
"Sweden","France",4.72727272727273
"Sweden","Georgia",3
"Sweden","Germany",6.55555555555556
"Sweden","Greece",4.53333333333333
"Sweden","Hungary",7
"Sweden","Iceland",7.21739130434783
"Sweden","Ireland",7.71428571428571
"Sweden","Israel",4.94736842105263
"Sweden","Italy",5.375
"Sweden","Latvia",4.22222222222222
"Sweden","Lithuania",2.8
"Sweden","Malta",5.23076923076923
"Sweden","Moldova",3.5
"Sweden","Montenegro",5.83333333333333
"Sweden","Norway",7
"Sweden","Poland",2
"Sweden","Russia",5.6
"Sweden","Serbia",8.3
"Sweden","Slovenia",4.5
"Sweden","Spain",5.85714285714286
"Sweden","Switzerland",4.66666666666667
"Sweden","The Netherlands",5.82352941176471
"Sweden","Ukraine",4.1
"Sweden","United Kingdom",6.33333333333333
"Switzerland","Albania",8.53846153846154
"Switzerland","Armenia",2.33333333333333
"Switzerland","Australia",8
"Switzerland","Austria",6
"Switzerland","Azerbaijan",3.16666666666667
"Switzerland","Belgium",5.625
"Switzerland","Bosnia & Herzegovina",7
"Switzerland","Croatia",5.28571428571429
"Switzerland","Cyprus",3
"Switzerland","Denmark",4
"Switzerland","F.Y.R. Macedonia",5.5
"Switzerland","Finland",5.33333333333333
"Switzerland","France",6.90476190476191
"Switzerland","Georgia",1
"Switzerland","Germany",5.95238095238095
"Switzerland","Greece",5.15
"Switzerland","Hungary",5.125
"Switzerland","Iceland",5.83333333333333
"Switzerland","Ireland",6.84
"Switzerland","Israel",5.54166666666667
"Switzerland","Italy",5.78947368421053
"Switzerland","Latvia",4.4
"Switzerland","Lithuania",3
"Switzerland","Malta",5.27272727272727
"Switzerland","Moldova",4.5
"Switzerland","Montenegro",9.5
"Switzerland","Norway",5.11764705882353
"Switzerland","Poland",6.5
"Switzerland","Russia",5.66666666666667
"Switzerland","Serbia",10.4545454545455
"Switzerland","Slovenia",4
"Switzerland","Spain",5.76923076923077
"Switzerland","Sweden",6.28571428571429
"Switzerland","The Netherlands",5.05555555555556
"Switzerland","Ukraine",1.66666666666667
"Switzerland","United Kingdom",6.45454545454545
"The Netherlands","Albania",2
"The Netherlands","Armenia",10.2
"The Netherlands","Australia",8
"The Netherlands","Austria",4.4
"The Netherlands","Azerbaijan",4.625
"The Netherlands","Belarus",1.5
"The Netherlands","Belgium",7.08333333333333
"The Netherlands","Bosnia & Herzegovina",6.38461538461539
"The Netherlands","Bulgaria",2
"The Netherlands","Croatia",3.28571428571429
"The Netherlands","Cyprus",8.28571428571429
"The Netherlands","Denmark",6.85714285714286
"The Netherlands","Estonia",5.7
"The Netherlands","F.Y.R. Macedonia",2
"The Netherlands","Finland",4.18181818181818
"The Netherlands","France",6.26315789473684
"The Netherlands","Georgia",4
"The Netherlands","Germany",5.43478260869565
"The Netherlands","Greece",5.38095238095238
"The Netherlands","Hungary",7.16666666666667
"The Netherlands","Iceland",5.66666666666667
"The Netherlands","Ireland",6.26086956521739
"The Netherlands","Israel",5.95833333333333
"The Netherlands","Italy",6.16666666666667
"The Netherlands","Latvia",4
"The Netherlands","Lithuania",4.2
"The Netherlands","Malta",3.9
"The Netherlands","Moldova",5
"The Netherlands","Montenegro",8
"The Netherlands","Norway",5.11538461538461
"The Netherlands","Poland",3.66666666666667
"The Netherlands","Russia",3.72727272727273
"The Netherlands","Serbia",6.46153846153846
"The Netherlands","Slovenia",5.2
"The Netherlands","Spain",4.75
"The Netherlands","Sweden",7.14285714285714
"The Netherlands","Switzerland",7.28571428571429
"The Netherlands","Ukraine",4.77777777777778
"The Netherlands","United Kingdom",5.61111111111111
"Ukraine","Albania",2.33333333333333
"Ukraine","Armenia",7.1
"Ukraine","Austria",4.5
"Ukraine","Azerbaijan",9.4
"Ukraine","Belarus",8.72727272727273
"Ukraine","Belgium",5.5
"Ukraine","Bosnia & Herzegovina",7.33333333333333
"Ukraine","Bulgaria",3
"Ukraine","Croatia",5.11111111111111
"Ukraine","Cyprus",4.8
"Ukraine","Denmark",4.33333333333333
"Ukraine","Estonia",3.625
"Ukraine","F.Y.R. Macedonia",4.8
"Ukraine","Finland",6.5
"Ukraine","France",4
"Ukraine","Georgia",9
"Ukraine","Germany",5
"Ukraine","Greece",5.83333333333333
"Ukraine","Hungary",5.16666666666667
"Ukraine","Iceland",2.66666666666667
"Ukraine","Ireland",2
"Ukraine","Israel",4.5
"Ukraine","Italy",4
"Ukraine","Latvia",2.4
"Ukraine","Lithuania",3.85714285714286
"Ukraine","Malta",4.66666666666667
"Ukraine","Moldova",7.90909090909091
"Ukraine","Montenegro",7.2
"Ukraine","Norway",6.625
"Ukraine","Poland",7
"Ukraine","Russia",8.6
"Ukraine","San Marino",4
"Ukraine","Serbia",6.625
"Ukraine","Slovenia",4
"Ukraine","Spain",3
"Ukraine","Sweden",5.8
"Ukraine","Switzerland",5
"Ukraine","The Netherlands",5.5
"Ukraine","United Kingdom",4.5
"United Kingdom","Albania",2.33333333333333
"United Kingdom","Armenia",4
"United Kingdom","Australia",10
"United Kingdom","Austria",5.88888888888889
"United Kingdom","Azerbaijan",3
"United Kingdom","Belgium",5.16666666666667
"United Kingdom","Bosnia & Herzegovina",3.2
"United Kingdom","Bulgaria",5.5
"United Kingdom","Croatia",3.75
"United Kingdom","Cyprus",6.15789473684211
"United Kingdom","Denmark",6.54545454545455
"United Kingdom","Estonia",5.90909090909091
"United Kingdom","Finland",6.7
"United Kingdom","France",4.61111111111111
"United Kingdom","Georgia",1
"United Kingdom","Germany",5.53846153846154
"United Kingdom","Greece",7.42105263157895
"United Kingdom","Hungary",4.5
"United Kingdom","Iceland",6.1875
"United Kingdom","Ireland",8.0625
"United Kingdom","Israel",5.30434782608696
"United Kingdom","Italy",5
"United Kingdom","Latvia",6.33333333333333
"United Kingdom","Lithuania",7.06666666666667
"United Kingdom","Malta",6.28571428571429
"United Kingdom","Moldova",5
"United Kingdom","Montenegro",3
"United Kingdom","Norway",6.3125
"United Kingdom","Poland",4.125
"United Kingdom","Russia",6.125
"United Kingdom","Serbia",4
"United Kingdom","Slovenia",6
"United Kingdom","Spain",3.41176470588235
"United Kingdom","Sweden",6.27272727272727
"United Kingdom","Switzerland",6.73684210526316
"United Kingdom","The Netherlands",4.47619047619048
"United Kingdom","Ukraine",4.3
